{
  "adapter.go": 1778000221.0159886,
  "adapter_test.go": 1778000221.0169868,
  "open.go": 1778000221.0333872,
  "open_sqlite3.go": 1778000221.0343926,
  "README.md": 1778000221.0129,
  "x_fork.branch-origin.md": 1778004921.304821
}